name	output
USA	[-2.8617761722055657,3.0711542945052983,1.3954040931509784]
USA	[4.060067824816213,-1.1375530254341673,1.8034436032402654]
France	[1.9197265273261186,0.06725994149747459,-2.27414904501463]
USA	[-2.810005489781995,3.1474909582335484,1.383272278723312]
USA	[-2.891151958706738,3.403388467956885,1.5017331885142977]
USA	[1.9191838695251457,0.06685929949949711,-2.270194584862219]
Bahrain	[-4.273939423282221,-2.754187456203882,0.6770924891376136]
USA	[1.9492083507176776,0.09441111993375327,-2.5097974225780106]
USA	[4.051867699997476,-1.1337266459878628,1.7889961489759727]
Brazil	[4.0312407686184395,-0.8339635242439888,2.106637914798102]
USA	[-4.121149442995831,-2.9830949000493483,0.7610528171185906]
USA	[-3.8860647128226495,-2.889711726890241,0.6372379949277157]
USA	[4.03963107443801,-0.9885054728556693,1.968773068913756]
USA	[-2.890943469993782,3.399419819468289,1.5006307464922348]
USA	[-4.318654192032298,-3.0528833607978054,0.8625831040884693]
USA	[-4.275979093493578,-2.75840560867918,0.6750470691195283]
Brazil	[1.036732010004947,0.3825388764156097,-3.3990395129228723]
Jamaica	[4.035518084748323,-0.9870959714407924,1.9606379819230857]
USA	[-3.8425253219900224,-2.813402725434492,0.63825692729053]
USA	[1.9374114580742983,0.07898880479725072,-2.403630698093459]
Mexico	[4.044038912503569,-0.9888124810233359,1.9562451896488025]
Viet_Nam	[3.4262018517834014,-0.8522733853491109,0.2134454112103446]
Brazil	[1.0412988975673194,0.3852163749514282,-3.423954051863414]
USA	[4.039034797443367,-0.987634267284083,1.9626397664350557]
USA	[3.439790978154717,-0.8586190271272713,0.2035030590978098]
Jamaica	[4.036401128839,-0.9809699442308377,1.9660429670984716]
Japan	[-3.896033006530509,-2.9042257455451885,0.6374741999333869]
USA	[-3.834214879177184,-2.802835530496511,0.6380288589791017]
USA	[-3.834793743120739,-2.8025770876426486,0.6371230103647217]
USA	[-2.8255103138754074,3.209719943957991,1.4111217739358388]
Mexico	[3.448427277960982,-0.8618425402774634,0.2067091725946717]
USA	[-3.8982768582194374,-3.0936470311294517,0.7344306642297527]
USA	[-2.825697359227636,3.205843945420792,1.4099336832620486]
France	[1.8253621643530233,0.11911039139848087,-2.5322945160307375]
USA	[1.2516528459284357,0.19311300903037643,-2.17185485269349]
USA	[4.037253091569257,-0.9876181125075313,1.963765548839314]
Bahrain	[-4.201180696904123,-2.6409377458855237,0.6708968575580858]
Brazil	[4.087862867971338,-1.000842353540927,2.0624017880069694]
USA	[-2.808373313285988,3.1428541039727316,1.3855649729553916]
USA	[4.073904253599121,-1.1504963627423606,1.8786839898658025]
Brazil	[1.0599105746464972,0.3731787804601634,-3.394830748241296]
USA	[4.054420306342438,-1.128990800128304,1.855363668889176]
Japan	[-2.8831634144390703,3.3763843953443033,1.4911226113874174]
Brazil	[4.093108164029998,-1.0027420484938938,2.063467244084383]
Viet_Nam	[-4.281418332554846,-2.7693723831681014,0.6821423391146091]
Brazil	[4.101211607726342,-0.9986315216590476,2.0224517186351685]
USA	[-2.8115423350243867,3.1529796369333583,1.3863370156701773]
Brazil	[4.0929227405425905,-1.002942537166743,2.065622055171785]
USA	[1.374857724441961,0.34051018342283573,-2.2213974779950267]
USA	[-3.8329853845635404,-2.7987691498886873,0.638565909746394]
USA	[-2.8278061113221264,3.2306357071702174,1.2398061489786165]
Brazil	[4.101211607726342,-0.9986315216590478,2.0224517186351685]
Mexico	[4.035726339527089,-0.8345588540046792,2.1086815930760214]
Viet_Nam	[3.4276046583841198,-0.8520218518852808,0.2077186788786751]
USA	[4.05503133618346,-1.1297578256601848,1.858296086992665]
Uruguay	[4.0554724498845225,-1.1439336560007143,1.8527584263102945]
Japan	[4.047128220452532,-0.9890105149027005,1.975774986803046]
Mexico	[4.02695311564502,-0.8324650801264474,2.0960010118614236]
Bangladesh	[-4.2769329738387505,-2.7585004520182146,0.6772225281673536]
USA	[-2.8121636989908465,3.1541542004344927,1.3889921085313928]
Japan	[-4.223698438556852,-2.682615817197578,0.6691675330083016]
Brazil	[4.061986572377645,-1.1471111541247399,1.8613382618371357]
USA	[3.414563096584199,-0.8494455328889259,0.22567880626951392]
USA	[-2.889913355792869,3.3989260140394664,1.4998036424841223]
Mexico	[3.4435733040622685,-0.8590464021514331,0.20965137958344893]
USA	[-3.809577292528424,-2.7686869448982363,0.6348767561169245]
France	[4.039264446008226,-1.1362462626515457,1.817159790818125]
USA	[-3.8468864351603775,-2.8297032897495917,0.6410284415870021]
USA	[4.0326099169090215,-0.983415911813029,1.9316507476413014]
Japan	[-2.8390290969916787,3.2181213399959065,1.4238109428533579]
USA	[4.068178654815943,-1.1464245607060357,1.8652996897886858]
USA	[4.043785477505435,-0.8344314964783685,2.0965966937772373]
USA	[-4.199521292855132,-3.1050265449749754,0.758653721489363]
France	[1.5251866706687693,0.15079996135956053,-2.2703780510778855]
USA	[1.9252910488632817,0.07107588610348045,-2.3236171220338973]
Mexico	[3.318040466444437,-0.8132885329296989,0.060698939106994275]
Brazil	[-2.8763221100788203,3.3501564205829566,1.4788364448843208]
USA	[4.041091470987518,-0.991919515309782,1.972977604610391]
USA	[1.9541681605265389,0.09581785097253946,-2.5310639665242527]
USA	[-3.7905253141551962,-2.74130067480259,0.6380838010412148]
USA	[4.069352888771661,-1.1474847673806845,1.8709441189008533]
Japan	[4.047116251866759,-0.9884205284168236,1.9826496628441963]
USA	[-2.8804661848438933,3.347590687829354,1.4802592103166239]
USA	[1.9227660189949862,0.06887240070353566,-2.291987775789111]
Bahrain	[-3.893583990894823,-2.9121077882279955,0.6448360136223357]
USA	[4.062733596770361,-1.1283654101586846,1.8718371122519497]
USA	[4.049277610500741,-1.1266314774168469,1.8520425048699705]
USA	[-2.881377411112751,3.2573817356163017,1.3779753455049601]
Mexico	[4.039666686557931,-0.9848756106194734,1.9632657477963535]
USA	[4.06157520473737,-1.1351947644411526,1.8711859889668667]
France	[4.036333111229809,-1.1323904845958899,1.8210567447410555]
USA	[-3.760007255165883,-2.6873648958229284,0.6339536514460998]
USA	[-2.826315512254403,3.2032280000092026,1.4090433754962735]
USA	[-2.889672747419205,3.405466678396897,1.5067647102038155]
USA	[-4.262840006996889,-3.040625499738265,0.8203468784118617]
Japan	[-3.8972466310431697,-2.905086237904522,0.6411733047960547]
Mexico	[4.0345781155820015,-0.8343998086738414,2.106340892881785]
USA	[-2.8739019360347555,3.363222356918877,1.4964920281801242]
Brazil	[1.0350651602088226,0.38005313640907706,-3.3756665020118715]
USA	[4.048177130300177,-1.1389956326064972,1.837672548544583]
Brazil	[1.0347390162112953,0.3754812484412602,-3.3456486851431575]
USA	[-3.8835919944496857,-2.8851119855285243,0.6394000964797475]
USA	[4.047900755796441,-1.1776047172763133,1.8657822669513942]
Mexico	[3.417850930115106,-0.8497314610811811,0.21645994473172814]
USA	[1.9062095806786932,0.05078542949207084,-2.1076824926002207]
Mexico	[3.4400029454539305,-0.8576003921678996,0.20504534101082644]
USA	[-3.833113300376915,-2.796935731668308,0.6371184949154394]
USA	[-2.827526896107252,3.207464946449725,1.4107767240960147]
South_Africa	[1.393932007336302,0.1770215939121575,-2.303643937681593]
USA	[-4.274584129416808,-2.756138480220633,0.6781773479470208]
France	[1.8546418893754424,-0.07351001754555568,-2.330972359018395]
Mexico	[3.4503444725996553,-0.862038880577461,0.21391213911503432]
USA	[1.939801960425065,0.059739380850664145,-2.2624824023181827]
USA	[-2.8905444823747963,3.4061408130222515,1.502636619767268]
Bahrain	[-4.146767426746329,-2.7868094854906875,0.5983164106165397]
South_Africa	[4.034088603769136,-1.1329111965700083,1.8175921369318886]
USA	[4.039544940446139,-0.986201871488202,1.957706037893133]
Bahrain	[-4.145761345013438,-2.7852897485889274,0.600328821769958]
USA	[-3.884400482178808,-2.8869308384265087,0.6371732062480917]
USA	[-3.8451308328826137,-2.8204818372563882,0.6383480215183999]
USA	[-3.848902302796858,-2.830101998101459,0.6380018016735154]
Japan	[4.046551679913622,-0.9888127861746919,1.9747909612061234]
USA	[-3.8354520859449996,-2.803490626641404,0.6372911586134868]
Brazil	[4.03531696944901,-0.8319221968262228,2.1148527392914214]
USA	[-2.8903261056630596,3.40041235684649,1.5004458989124982]
USA	[2.065281485208863,0.0533374495403542,-2.3730618374190326]
Brazil	[4.092381389450448,-1.003813562287373,2.0656443075457966]
Taiwan	[-2.8903261056630596,3.40041235684649,1.5004458989124987]
USA	[4.068247560160702,-1.1471668676007174,1.870208261839873]
USA	[-3.7825066994234806,-2.7261937951620325,0.5798143496500741]
USA	[-4.318226042708526,-3.053805764655923,0.8671756296298332]
Bahrain	[-2.73971027152526,3.339546442924344,1.4065755559885458]
Brazil	[1.0356409987765953,0.38294705217099234,-3.38784991710671]
Japan	[-2.884959524878529,3.381082402728637,1.4920995098843663]
USA	[-4.209658601465784,-3.12511478574305,0.7639978890164272]
France	[1.8238346971036905,0.11762612101441003,-2.51804877110402]
Brazil	[1.0533733668295477,0.37618947766969757,-3.394750140638307]
USA	[-2.8894690507262304,3.401675065458257,1.4996400759275361]
Viet_Nam	[3.4266874018584903,-0.8523655638254999,0.21323426685174574]
USA	[-2.889913355792869,3.3989260140394664,1.4998036424841223]
USA	[4.024835698123057,-1.013505783697044,1.9745416216398637]
USA	[-4.2826414476663786,-2.77113735441982,0.6822504942683243]
Brazil	[4.039575069514831,-0.9862805673823495,1.9514362400875687]
Japan	[-4.276980158559151,-2.7585444704799715,0.6774914585600226]
USA	[4.06224458273994,-1.1322411313803855,1.8644183234672296]
USA	[-2.891565061981046,3.4048782388927883,1.502378225692286]
Mexico	[4.044819653365561,-0.9857701538288265,1.9558251179341655]
USA	[-2.8747232200221937,3.3661710306905133,1.4977745438416603]
USA	[1.9553664066654655,0.09841711930191048,-2.5410944903889976]
USA	[-3.880621659020543,-2.8807107609966924,0.6321919741965731]
USA	[-4.320905437572324,-3.054462640909488,0.8636671418449442]
Japan	[-4.282626608665669,-2.7710803470035112,0.6822389073434317]
USA	[4.060230388179189,-1.1436994113311876,1.8586105851455579]
USA	[-3.832604393624648,-2.7994756996147827,0.6328832166436451]
USA	[-3.8802096638719923,-2.879609171468113,0.6392333378748185]
USA	[-4.272934171872783,-2.7567865501512805,0.6719134927778287]
USA	[-2.8903261056630596,3.40041235684649,1.5004458989124982]
Japan	[-2.8540352018065387,3.278715520697235,1.445253242588057]
USA	[-4.324579090164771,-3.059635005213086,0.8641014710489228]
USA	[-2.848794924326617,3.251421694133454,1.4366355235266328]
USA	[-4.2870838566472,-3.0110719202026868,0.8623802480814484]
USA	[2.1473347363693494,-0.01646341057572248,-1.9797725470529437]
USA	[4.070752288521038,-1.1367752464545713,1.8214504791404293]
France	[3.9248734581827276,-1.1278672040534454,1.91460957798714]
Japan	[4.051097541301373,-0.9883587544018174,1.9782069024784923]
USA	[4.0294616021499,-0.9845988515848434,1.9477268384107946]
South_Africa	[3.412165727587607,-0.8494401552273212,0.22205515548228744]
USA	[-2.826445697325131,3.2048478874750472,1.4075367610454306]
Bahrain	[-4.0845024900375995,-2.6900573882936967,0.5946842452981724]
South_Africa	[1.9222434041318066,0.06529196962102342,-2.3114680343487857]
USA	[4.063808026088261,-1.1468832476379656,1.862388326361058]
Japan	[-4.215546325175926,-2.975479925729584,0.8159419709451458]
Bahrain	[-4.278143142634316,-2.7603008009545866,0.6772663952285602]
USA	[-3.8746851526725474,-2.8704236404878345,0.6390180940930529]
Brazil	[4.092334071422996,-1.0076211749353459,2.0754563583155248]
Bahrain	[-3.8985331597955546,-2.908172621294996,0.6396500515172279]
USA	[-2.889835810925639,3.4002654363031204,1.5001644440925723]
USA	[4.0753906141071425,-1.1492614337006415,1.8741129204241644]
Brazil	[1.0362299233126888,0.38111228636697253,-3.3862993440953]
USA	[1.9243962394992247,0.072723761104927,-2.313945784708168]
Japan	[-4.230634044946326,-2.696929805006589,0.6742103859360153]
Italy	[1.938546890172032,0.05995784050109666,-2.331670235939727]
Japan	[-4.2220258992131985,-2.682286533011481,0.670998059564446]
France	[4.056922250749177,-1.14424604603132,1.8524062120894444]
USA	[-3.84948156652143,-2.828808983911667,0.6394641352208226]
Brazil	[1.0351851578427298,0.3810597704745838,-3.397428009687337]
Mexico	[3.4443366419574546,-0.8553746924112615,0.18793662195089159]
Brazil	[4.056453150264019,-0.9924796471054886,1.9293737808114626]
Malawi	[-2.8095779902143407,3.1469657364871595,1.3871332550962145]
USA	[-3.0282676892366887,2.8081066915027075,1.6442138135852498]
USA	[-4.1844966678005475,-3.0752100048949096,0.7856618154611796]
Brazil	[1.3038417506436912,0.048315761987322195,-2.3832227558857833]
USA	[-4.319442141791192,-3.0534968620895926,0.8623000945915764]
France	[1.8273555024336492,0.11590018958290874,-2.5064005883926734]
Bahrain	[-4.274549652329659,-2.755063094899666,0.6771428137472832]
USA	[1.9497633763857172,0.09484759240335082,-2.5142910796946984]
USA	[1.3030176086259264,0.11389594936846818,-1.6131020002115593]
USA	[-4.317745612316421,-3.0501721284582626,0.8122101248612644]
USA	[-2.889913355792869,3.3989260140394664,1.4998036424841223]
Djibouti	[-4.318694423567544,-3.0540703233042352,0.8637380692306134]
USA	[-4.2053211526907965,-3.1168227816784166,0.7666743433925898]
USA	[-2.827253425162404,3.2076728503918863,1.40869282852807]
France	[1.8246698175509903,0.117655793000607,-2.519323127609325]
Brazil	[4.093232021332653,-1.003135395607763,2.0694881074393043]
France	[1.9186337381643628,0.06643242223475014,-2.2658476331591126]
USA	[-3.8462162900565686,-2.8222302945747963,0.6383858222472453]
Viet_Nam	[-4.2803610681590465,-2.7697113108646603,0.682868658504479]
USA	[1.9221874682466757,0.0691273157203363,-2.2928491310386354]
Brazil	[4.086823368295721,-1.0009701925645387,2.0579279277141223]
USA	[-4.276860517945907,-2.7592420155626463,0.6742392541263047]
USA	[4.030399938473821,-0.8332949567577103,2.1024688337931297]
USA	[-2.87591135719742,3.3486893592610394,1.4782097259968277]
USA	[-4.284251259342879,-2.7702745059165617,0.6788965300030732]
USA	[1.9290665739233925,0.07160487732983876,-2.342837244138402]
USA	[1.9332254151707449,0.07402440887383362,-2.3508806623446765]
USA	[1.9319250105124337,0.07179609670390351,-2.3494653652667945]
USA	[-4.320438371108538,-3.0579054909710868,0.8625491630231403]
Viet_Nam	[-4.2943199923919355,-2.78922339694965,0.6754954147003568]
USA	[4.074597956007024,-1.1487633646727229,1.878838693179059]
USA	[-4.208874366835273,-3.1216107278587657,0.7663012653025872]
Japan	[-2.8856174122071874,3.385267471075803,1.4949145844946135]
Brazil	[4.095321770353137,-1.006608483311377,2.0694673271456034]
Brazil	[3.951319437194552,-1.1058798608356888,1.7143751538002334]
Brazil	[4.085079355519437,-1.0003074806473142,2.054937245581054]
USA	[4.056794333097811,-1.1225454429113628,1.8063406968524975]
USA	[-2.889913355792869,3.3989260140394664,1.4998036424841223]
USA	[-2.877632904020584,3.356515868137703,1.4810648733883356]
Bahrain	[-4.050679025794975,-2.635624727459217,0.5903747277556174]
Japan	[4.050251078801385,-0.9909085799138398,1.9798629319651806]
USA	[4.066512842105289,-1.14619545790892,1.8680396218290711]
USA	[-3.8850670096632,-2.886801225470823,0.6410718137809128]
USA	[-2.891565061981046,3.4048782388927887,1.502378225692286]
Viet_Nam	[3.428555178109734,-0.852895408719013,0.2108302273218104]
USA	[-2.876912709751271,3.354683023325421,1.4785230399758746]
Japan	[-2.882487335900756,3.3722040263398667,1.488275906182114]
USA	[1.9270118131251655,0.07357785284086259,-2.3260610427372463]
USA	[1.9221312937385093,0.06869657013687568,-2.2969866613896577]
USA	[-4.288856500883374,-2.7783010559706867,0.6788679560207729]
Brazil	[0.9900199803002768,0.3028031276356643,-3.391369824250295]
USA	[-2.8903261056630596,3.40041235684649,1.5004458989124982]
South_Africa	[4.035935112708085,-1.132646720818623,1.8204541537582388]
Mexico	[4.03777497827246,-0.98556221621791,1.958706824156497]
USA	[4.066035296089335,-1.1497322533151313,1.870729504995011]
France	[3.937142711015261,-1.1317618108315204,1.9619539023849606]
USA	[1.9563144308928684,0.09781978901515752,-2.5327001243886267]
USA	[-2.891004797379516,3.4037174911617343,1.498854473035259]
Thailand	[4.036710464475502,-0.9948846507397735,1.9683564474438835]
Bahrain	[-2.874657874715842,3.3526398129852315,1.4814117506664788]
USA	[1.9539093298965715,0.0975555841620489,-2.543766221918683]
Bahrain	[-3.896306438466904,-2.9044335696604593,0.6395565949895154]
USA	[-4.3218872410604945,-3.059068783934501,0.8674919507716665]
Japan	[-2.8527047852891445,3.2670646181614145,1.4442657308728561]
Brazil	[4.033889427065613,-0.8332222610693744,2.1087557692077765]
USA	[3.822694293411971,-1.0780634535111313,1.7256099453952383]
USA	[-2.877143967435548,3.3530939242861115,1.4800925922290207]
Viet_Nam	[-3.897419481416517,-2.9063016587264783,0.6396032558628235]
Brazil	[1.0140513740885333,0.36202217698516814,-3.184615195649833]
USA	[-2.9280598073023087,3.2729291384512926,1.4907311330985504]
USA	[-3.846339992252437,-2.8232615579661733,0.6381612693125045]
USA	[4.058612878274721,-1.1390748052260087,1.828823015683601]
Djibouti	[4.040224025195952,-0.8375754886152436,2.119782145538138]
USA	[-4.208273482912907,-3.1205952431393276,0.76618602567215]
Bahrain	[-4.225760784827713,-2.680172338625328,0.669419748008782]
France	[1.9376808346332437,0.07604816575755946,-2.380622309012794]
Viet_Nam	[3.4182382187991314,-0.8504111798585994,0.21954809952308302]
Mongolia	[4.0326335446134935,-0.9859935869472604,1.9558927341450267]
Viet_Nam	[-3.8741326955303306,-2.8707618995097386,0.6396228989034669]
Viet_Nam	[3.426874110131531,-0.8521032890555227,0.20988475146937052]
USA	[-2.8102385862215797,3.1486692484547496,1.3843281174761213]
USA	[-4.331984290314847,-3.0736067597188503,0.8648099289983497]
Uganda	[3.921472771684597,-1.088538786556747,1.6691780814456472]
USA	[-2.827659250176678,3.203986813617618,1.411235873424968]
Mongolia	[3.379782036543247,-0.8357092571046997,0.25113521556455515]
USA	[4.044307765175643,-1.1757694056451127,1.8661335833219275]
USA	[-4.2616228890009715,-3.0386550171754845,0.8200401490207625]
Mexico	[4.035939787800272,-0.9910163787285933,1.9592400065332183]
USA	[3.3682306233039965,-0.8323604431348677,0.25972011417538826]
USA	[4.026525008697321,-0.9907773679051474,1.9584884397691371]
USA	[-2.8769792844259596,3.3543674158610464,1.4816958591394638]
Brazil	[3.9399924758689706,-0.9781162741761941,2.116228393880817]
USA	[-2.8273359445228463,3.203649066985303,1.4098047629047012]
Brazil	[4.087931034958562,-0.9984328208973479,2.058805116154581]
USA	[4.0612832830169445,-1.147241336349169,1.8613747766380453]
France	[-2.811357898549872,3.151346256420585,1.387849336213858]
USA	[-2.8901696680976396,3.4006744197904992,1.498525296909479]
USA	[4.065797524715705,-1.1444774600225505,1.8650070981696463]
USA	[-4.274549652329659,-2.7550630948996666,0.6771428137472834]
USA	[-2.8903261056630596,3.40041235684649,1.5004458989124982]
USA	[-3.8471894659031896,-2.828927630399359,0.637862073354326]
USA	[-2.490555743317774,2.955863095106293,1.164256265168908]
USA	[-2.8496520286052913,3.252666631290213,1.439362643468062]
Malaysia	[4.0425270577216335,-1.1322394866201897,1.8051047108406861]
USA	[-2.888868897183236,3.3989938841713427,1.5042059408863682]
Brazil	[3.986603914529193,-0.9629713108858545,1.923753244907946]
USA	[-3.8928747077457526,-2.7276469842002475,0.687116268341577]
USA	[-3.9028076826683993,-2.894787936106386,0.44600800623806636]
USA	[-2.8781025769155946,3.3536716313708994,1.48074359694149]
France	[1.8296786903463618,0.11890071793526916,-2.538042386412797]
USA	[4.062686663894759,-1.1427409060112435,1.8584150702001947]
USA	[3.97014572086589,-1.2860192268718644,1.8902285374609993]
Japan	[1.3892696188191167,0.1778578566770027,-2.2801725208229198]
Brazil	[4.041179088846363,-0.9853137771666494,1.9791436735397046]
USA	[-2.8279309208621095,3.2088794246190036,1.4113561618923596]
Brazil	[4.105092027163188,-1.007499983200904,2.0602014504189916]
Mexico	[3.441834418937783,-0.8564353672390188,0.21603913274281872]
USA	[4.068294716078066,-1.1461871908373822,1.8621300013518371]
USA	[3.2831796868875447,-0.8346218051581041,0.3013551452193401]
France	[3.961931976191206,-1.30509581601082,1.8705030735220023]
Mexico	[4.031802934577649,-0.9902561230290154,1.9557408528257616]
Brazil	[4.043597891594753,-1.0681193640370232,2.0666352132657853]
Mexico	[4.03547314667674,-0.9847765135047226,1.9548218828821997]
Mongolia	[3.3832250181075127,-0.8386467284095944,0.2631430295664943]
USA	[4.056987228468542,-1.1298879653188647,1.8663062112129138]
USA	[-4.297504868854463,-2.7923748343859063,0.6811631339180293]
USA	[-3.8962438666189487,-2.907944078036366,0.642416152356821]
France	[-4.277593851643506,-2.759413814801911,0.6773950596196325]
USA	[-3.8473185727458827,-2.825256565514938,0.6392604865012793]
USA	[-2.8907389732842175,3.401899841047211,1.5010890802560906]
Bangladesh	[-3.9789953153320803,-2.7681709460119728,0.31694377143306984]
Uganda	[4.034353376667854,-1.1309663476690905,1.8190685982879569]
USA	[-3.8825312473000833,-2.8851539099292958,0.6404861476461875]
France	[4.051730009264744,-1.1392166688072511,1.8408172539857104]
USA	[-2.871565700762244,3.368370510171508,1.4507320324640638]
USA	[4.060774546452197,-1.1330515217120585,1.8713681351258051]
Bahrain	[-4.145761345013438,-2.7852897485889274,0.600328821769958]
USA	[4.035928333494146,-0.8362780792353386,2.1093671368177227]
USA	[1.955591567630122,0.09614329779312324,-2.529735837902807]
USA	[1.9505978885318658,0.09379339721541645,-2.5240293426744373]
Brazil	[1.0363717457735881,0.37986936115555975,-3.3767371826573553]
USA	[1.9268200782383964,0.07297260992124509,-2.3330386443153945]
USA	[-1.3024259246340748,2.2716951982420928,0.6624060194224712]
USA	[-1.120646650376841,2.101008361353478,0.521225240032678]
Brazil	[4.09615077832276,-1.0041531625023226,2.0747796222006594]
USA	[-2.876732980141479,3.351624608491916,1.4794640663113752]
Viet_Nam	[-4.191837608804982,-2.685956557746465,0.880528728406772]
Mexico	[3.435272889024262,-0.8557910938026569,0.21323092392985837]
USA	[-3.8496637099600366,-2.824144365565643,0.6425266824209411]
Viet_Nam	[3.427991061713958,-0.8547280172975834,0.20891413996745561]
USA	[4.068656736070842,-1.1463054590495667,1.8651610228955358]
Brazil	[1.0399024200289253,0.3816721140633197,-3.3826436521984973]
USA	[4.061553776864868,-1.1449692205092745,1.8487454349441317]
Mexico	[3.5328436613989385,-0.8930950257927378,0.37047071637436496]
France	[1.821904336362127,0.11745441031773732,-2.51303776076365]
USA	[-4.338890838123048,-2.690778002024665,0.7333035365357974]
Mexico	[3.431427400628215,-0.8529270466602747,0.2044482783631299]
Bahrain	[-4.157904630668782,-2.806649240403131,0.6038495595417127]
Brazil	[4.097458229134185,-1.00499675013163,2.069554625261225]
Viet_Nam	[3.428060808395489,-0.852047895691764,0.2091190324784582]
USA	[-3.8845963169614883,-2.8921116904227606,0.6394256870596645]
Brazil	[4.0911960125997116,-1.0019377857283949,2.0629085378334593]
USA	[-4.186748870438856,-2.616003303848316,0.6676295748724431]
New_Zealand	[4.039061929849317,-0.9882012740053748,1.9680334572153875]
USA	[1.9216228254090886,0.06761324449269408,-2.2880865751928354]
USA	[-3.8313769410876515,-2.796123113585787,0.6385591661917351]
Japan	[-4.226148711500763,-2.6861404976010785,0.6692319803171456]
USA	[3.410543018266682,-0.8455399612934017,0.21834379617482197]
USA	[-2.8328576730819957,3.1960145952888612,1.4143250968710712]
USA	[-4.280161354964072,-2.7703335957474775,0.6853375706646396]
USA	[4.031060345430944,-0.9862382397176052,1.956775148458235]
Mexico	[3.4321298680407217,-0.8545916456905327,0.2148696803251519]
USA	[4.043812109009594,-0.9921231302270691,1.9748220131294214]
USA	[-3.7552310496112864,-2.6787999207895195,0.6285158108510905]
USA	[1.9478234238907173,0.09592241323452329,-2.504066943403572]
Japan	[-3.889178051309694,-2.8984264265691793,0.638139876455799]
USA	[4.058431784154018,-1.1426423241295252,1.8552801286900473]
USA	[-4.208722948467244,-3.123798646117638,0.7652414804082828]
Mexico	[4.03744279042854,-0.8359704056489556,2.107454414345253]
Brazil	[4.095407131114335,-1.0034300905953957,2.06694575846287]
Brazil	[4.099425419562968,-0.9999320297444004,2.0707315172521645]
USA	[-3.789179701919616,-2.739339887122163,0.6309459696382455]
USA	[3.968315710802721,-1.288801526502316,1.868374949142291]
Brazil	[4.040079653457304,-1.1352384089221668,1.8250580545978337]
USA	[4.0636070850344215,-1.135410877198735,1.8757396221130804]
USA	[4.0668640256273765,-1.146354007277337,1.8664709541611821]
USA	[4.066544237897833,-1.1476236053157975,1.8683526541825248]
USA	[4.064194971343243,-1.1461086573514816,1.8684864056356312]
USA	[-3.842525321990022,-2.8134027254344915,0.6382569272905299]
USA	[-3.8460613481219106,-2.8210752221509834,0.6399258276860487]
USA	[-4.282029802851901,-2.770254529693984,0.682196377696678]
USA	[4.061367491486896,-1.1453386560875105,1.8615324670830862]
USA	[-4.208273418800223,-3.120594013159287,0.7661867057932419]
USA	[-4.278541200157124,-2.760961263332453,0.6753931959231663]
Japan	[1.1009761843872843,0.20914449613848568,-2.062030971703617]
France	[-4.28003699818254,-2.762924228278682,0.677597649469076]
USA	[-3.8458588339951265,-2.8218349261108706,0.6352000597125158]
Mexico	[3.444269750722842,-0.8593886357468368,0.20528809967977718]
USA	[4.061568720376581,-1.1437157329128567,1.8575914924840133]
USA	[-4.29108185290749,-3.0081732939487966,0.8546783406340976]
USA	[-3.9027890840276074,-2.8948065789247606,0.44611314110374745]
Brazil	[4.0923395033020755,-1.0027393072532143,2.0645719179741064]
USA	[1.8971716139799568,0.01729529980916955,-2.507229249510967]
USA	[-2.8115423350243867,3.1529796369333583,1.3863370156701773]
USA	[-2.807694104245338,3.14168511026075,1.3827352239423722]
USA	[-4.31785526446655,-3.034474676010497,0.6768017615820021]
USA	[-2.8737036883385287,3.3634721865607884,1.4943960695028022]
USA	[-4.321155502195051,-3.0580479496590143,0.8645654689940367]
USA	[4.061967170981944,-1.1444727552109257,1.8613248399770401]
USA	[-3.89398645414379,-2.7293778806088183,0.6872313528324047]
Japan	[1.0996996980299685,0.20704252716037436,-2.053468962110226]
USA	[-4.3202915226670955,-3.0534522965844633,0.8635294753502656]
Brazil	[1.0369886050296802,0.38336568044541297,-3.4038652201741644]
Brazil	[4.094889148699399,-1.000700837238979,2.071890995587285]
USA	[4.064765739499714,-1.1510702192878663,1.8693783180111279]
USA	[1.9210759442435033,0.06719792110192159,-2.2839230579303527]
Switzerland	[1.9258220121558125,0.06564173559247448,-2.256997905516454]
Viet_Nam	[3.4260509891253492,-0.8532154668027745,0.21199667179877218]
USA	[-4.319887582472174,-3.0548647737998014,0.8629511438506103]
USA	[-3.8846778964427067,-2.887147643981619,0.6394278070825389]
USA	[-4.207027973600273,-3.098177429813423,1.0142825594206013]
USA	[-4.313425792516777,-3.0586237395534335,0.8710753641401761]
USA	[-3.885307949610018,-2.891789427033602,0.6369087056596543]
Malawi	[-2.8098785965983555,3.1473724328743553,1.3840541304819391]
France	[1.9237881405811739,0.07023792664462834,-2.3032494076051493]
USA	[1.9492084694585547,0.09441137123561237,-2.509802273164655]
Bahrain	[-4.087441989542934,-2.6943211183728297,0.59469552247889]
Japan	[1.3947696612683607,0.17794527493993545,-2.2907643624688574]
France	[4.061246857820833,-1.146567366039236,1.8618037061647026]
USA	[1.93347533966172,0.07788031459413162,-2.389223214440792]
USA	[-3.755437100225436,-2.680362415490299,0.6273800625110167]
USA	[-4.318654192032299,-3.0528833607978054,0.8625831040884693]
USA	[4.066630392451032,-1.145188346985471,1.8596218013078878]
USA	[1.9199276346360807,0.06758943642441524,-2.2764286779684344]
USA	[-2.8903261056630596,3.40041235684649,1.5004458989124982]
France	[4.030912288786384,-0.9852704260236085,1.9530738277068305]
France	[1.9498125729448585,0.06582088200882238,-2.3362099669415564]
Japan	[4.0382119766742015,-0.9862660526484752,1.9631873305406993]
USA	[-2.8663031957489595,3.3609590310001187,1.5047018822110059]
USA	[1.9544877733971344,0.09737899862061944,-2.551281074564901]
Brazil	[4.054040846261645,-1.1401842466755683,1.8444745382291954]
USA	[1.919599866653464,0.06738643237428253,-2.274975954906501]
France	[1.9191147020949373,0.06638388905052332,-2.2740955351310346]
USA	[4.068863645942624,-1.1473531224679285,1.8713556173354058]
New_Zealand	[4.0367650192271185,-0.9874730997581317,1.9640550538034443]
USA	[-2.8097935651778907,3.1543130143186677,1.3859993277184652]
USA	[-3.8375322775522616,-2.807945213932564,0.6368840236276696]
USA	[-2.8748208277252094,3.3701687957630697,1.5014516437680467]
Japan	[4.047128220452531,-0.9890105149027005,1.9757749868030463]
Paraguay	[4.038968778147871,-1.13267903776462,1.8265417147999983]
Mexico	[4.038027967279363,-0.8351140156020281,2.113018653805995]
France	[1.9191147020949373,0.06638388905052332,-2.2740955351310346]
USA	[-4.318165871657966,-3.053029626037938,0.8622965225993442]
Mexico	[3.419957971994587,-0.8436484056496134,0.16634014523676674]
Brazil	[3.9819568601934856,-0.9600460475544129,1.918936206839895]
USA	[4.070030663882046,-1.1467380672856498,1.8640457768518015]
USA	[-4.3085305551502024,-2.8789589142511818,0.8881927958937761]
USA	[3.975213955011584,-1.293291908024358,1.877268643556698]
Japan	[-2.8474016206441797,3.2676500271560074,1.2430259491638014]
USA	[-2.889171971226375,3.399959344901895,1.5023222727444363]
USA	[-2.785567917665967,3.0515416330271434,1.34781402071812]
USA	[-2.9183452473576708,3.062009494399435,1.4197747769706706]
France	[3.9299097352098724,-1.0959200291665552,1.6725940603460858]
Japan	[4.037802380538209,-0.9848391411970847,1.9637545859004277]
Brazil	[4.08738559267357,-1.0021640218378314,2.060283961016946]
USA	[4.064128190543235,-1.1457607177100895,1.8679088226449734]
USA	[-2.8247695149921195,3.208079129880206,1.3900270043059468]
USA	[1.937658041571453,0.07698365112774234,-2.4049698910177435]
USA	[1.93127449347479,0.06272716532326147,-2.5118083976557064]
USA	[-3.5313791923093025,-2.5590815669320066,0.5448212729266045]
Brazil	[4.037570271694778,-0.8373158286086004,2.1148039003629893]
Japan	[-2.8535197877676843,3.2699371860481024,1.4454711883484026]
USA	[1.9260642961945806,0.06766827061727648,-2.3133515384734173]
USA	[-3.7069558521059913,-2.832422969579468,0.5626586685878566]
Mexico	[4.039427889016291,-0.986261397025308,1.9618427249775017]
USA	[1.3014293207926941,0.11116822120693681,-1.600346768200289]
USA	[-4.318654192032299,-3.0528833607978054,0.8625831040884693]
USA	[1.9494858833512523,0.09462939810578706,-2.512045061506904]
USA	[-2.8907389732842175,3.401899841047211,1.5010890802560906]
USA	[1.954211111884069,0.09062070373954588,-2.5082010419185394]
USA	[-2.876871227397506,3.349255445569416,1.4788599906351017]
USA	[-3.8755185096957634,-2.8720317156791935,0.6365673316063608]
USA	[-3.846229272080446,-2.822285408488382,0.6383929394117197]
USA	[-2.827739705941494,3.2050609847538665,1.4103817927587052]
Japan	[-2.8531122284098966,3.268500350840197,1.4448680259272626]
Bahrain	[-4.277532488169771,-2.7594234886826423,0.6772160179460356]
France	[4.056628240393834,-1.1444483858538472,1.85455215521916]
USA	[-2.877143967435548,3.3530939242861115,1.4800925922290205]
France	[1.8213030765466796,0.11643535417042464,-2.5129229080058706]
USA	[-2.8101144160573197,3.1470603506393977,1.386007611109197]
Bahrain	[-2.742556319406782,3.3292893918465603,1.402487390406395]
USA	[-4.262231361192834,-3.0396398801631923,0.820193403285856]
USA	[-2.872915911150931,3.3615535000538554,1.496827887391023]
Japan	[-3.836764734333552,-2.8057807229285814,0.6353290737119873]
USA	[1.9172668674641629,0.06539514272106596,-2.255496773931916]
USA	[1.6490283628312836,0.2588022171811274,-2.045010203128154]
Thailand	[1.9178126619607827,0.06580908172065182,-2.259619354426083]
Brazil	[0.9449158749067728,0.2370676036357208,-3.378182191910709]
USA	[-2.805595927518304,3.154102550097676,1.344391966375389]
USA	[-2.8828990266593935,3.3736801128985365,1.4889098680209383]
Bahrain	[-4.2751600554905655,-2.7559394062749836,0.6771932108817809]
Brazil	[1.0133909702998876,0.3609137529301592,-3.1857521716328123]
USA	[-4.273939423282221,-2.754187456203882,0.6770924891376138]
USA	[1.901951835666865,0.045515773346107465,-2.0798681241661763]
USA	[-2.8772175443827863,3.352509273437614,1.480485703593422]
France	[1.9191147020949373,0.06638388905052332,-2.2740955351310346]
USA	[1.9544692626177422,0.0960975537393771,-2.531557411643652]
France	[4.0574456769958065,-1.143882735683866,1.8482009717333219]
Japan	[-2.8534393878079887,3.2741819498806826,1.4464552072345012]
China	[4.024707853455651,-0.9844346035644608,1.944363897162901]
USA	[-2.8903261056630596,3.40041235684649,1.5004458989124982]
USA	[-2.8465874204983135,3.246480562245745,1.4338239704814553]
USA	[-2.8911519587067382,3.403388467956885,1.5017331885142973]
Japan	[-2.8828990266593935,3.3736801128985365,1.4889098680209378]
France	[1.9191147020949373,0.06638388905052332,-2.2740955351310346]
Mexico	[4.006450196578769,-0.8279087774211262,2.0578314103982907]
USA	[-2.8045785078607124,3.1537008800613,1.3436775128228666]
USA	[4.063617121423189,-1.145167224352995,1.8628836768878982]
USA	[-2.8730811205121656,3.3602782083686296,1.4952132011151624]
Japan	[-3.8823392838543436,-2.9038320133780533,0.6358167454784998]
Pakistan	[-3.8956856963308524,-2.9052387256488896,0.6304215478330416]
Brazil	[1.0349181020117801,0.3797253506853152,-3.3727986320402814]
USA	[1.9520510736016945,0.0959816915764553,-2.526794445179346]
USA	[-3.8308018009048266,-2.8090509043628953,0.6471539812793975]
USA	[1.92101532818769,0.06762093312086027,-2.284806918348987]
USA	[-4.318654192032299,-3.0528833607978054,0.8625831040884693]
USA	[4.068926708757136,-1.146496353410547,1.8692539161027075]
USA	[4.069987931663045,-1.1501499746031179,1.8752605979222499]
Mexico	[3.439808303677181,-0.8577997144353684,0.2085210062287889]
France	[1.918906830385898,0.0666397900088491,-2.2679163765563524]
USA	[-3.8846458433135385,-2.8870158691150856,0.6394186376901474]
Djibouti	[-4.233503823964896,-2.692182814061997,0.6676063867702633]
USA	[4.042797112898577,-0.989399911433238,1.9712934277548604]
USA	[-2.7838652146941514,3.0496216129503586,1.3451597588639317]
USA	[4.0356866837153405,-0.836556965395808,2.112360617825598]
USA	[-2.8734914697404097,3.3617497176423945,1.495852154568347]
South_Africa	[4.03922146389961,-1.1280120200860362,1.7773857573525438]
Bahrain	[-4.276168980046067,-2.755465423125075,0.6777756859936923]
Japan	[-3.897061234004947,-2.9048858262113932,0.6390200452832838]
USA	[-2.8279286721141816,3.2088584203622563,1.41134007021239]
USA	[1.3896624994031295,0.1764256420698117,-2.2768299171995006]
USA	[-2.8775517166103177,3.354535235121556,1.4806964668466702]
USA	[-4.261014590347032,-3.037670909904314,0.8198871151401734]
USA	[-2.8907389732842175,3.401899841047211,1.5010890802560906]
USA	[1.9183976350531684,0.06560410192810577,-2.2585731203421715]
USA	[4.066234467470012,-1.1330594396989997,1.8503340048728012]
Japan	[4.047704925469278,-0.9892083954707306,1.9767604294978873]
USA	[4.071858106242688,-1.1488196237098676,1.8770528883503375]
USA	[-3.9001736483721436,-2.91200716987252,0.640826798763222]
USA	[-2.8812085341081906,3.2534254003227914,1.3756338143277476]
Japan	[-4.261187732208304,-2.759163790740336,0.6719788614739335]
USA	[4.0598023266562935,-1.1422679002140481,1.859242148368013]
USA	[1.9478493833772101,0.09266925188325352,-2.4931425438572528]
USA	[4.059640706241532,-1.1425942476337219,1.8531519231031197]
USA	[-3.884505591226826,-2.889100334288913,0.6380228940286303]
USA	[-4.2751358649984255,-2.757123673914557,0.6781202447595747]
Japan	[4.04770255159104,-0.989207255486108,1.9767460494236941]
USA	[4.040707486212077,-0.9844019840464979,1.945373400484315]
France	[1.9175397257914044,0.06560203278325803,-2.2575565810121314]
Japan	[4.050174275898996,-0.9888183673870252,1.98213024181621]
USA	[-4.261437246616195,-3.039609633449638,0.8180440083310756]
USA	[-2.7230934040778294,3.049420012654101,1.460207944538134]
France	[1.8243020736230973,0.11878696826756649,-2.5279135158988693]
USA	[-4.318654192032299,-3.0528833607978054,0.8625831040884693]
USA	[-2.8903261056630596,3.40041235684649,1.5004458989124982]
USA	[-4.318992592771306,-3.0536544368712857,0.8604927213338254]
USA	[-4.211661380568833,-3.128727932530808,0.7668233785073384]
Thailand	[4.032853572853509,-0.9932630730363682,1.9605400807751043]
Brazil	[4.094173251762224,-1.0022149436239656,2.0749454824376286]
USA	[1.9172668674641629,0.06539514272106596,-2.255496773931916]
USA	[-2.889771863432679,3.4016200406432326,1.500521432018997]
Viet_Nam	[3.4266004596504063,-0.8523122660038396,0.21197433140779393]
USA	[-2.808547131020415,3.1416035569817162,1.3839201103449008]
Bahrain	[-2.903458384776961,2.537303853872032,1.2635079458182294]
Mexico	[4.0631758114872145,-1.1461004948251365,1.864038895688406]
USA	[-4.2742755001981685,-2.75485525260867,0.6750398650989098]
Mexico	[4.060821923029709,-1.1439395724737635,1.8594968640842182]
USA	[4.042140394537084,-0.8392079988037948,2.125185375101113]
USA	[-4.208845309477071,-3.122771435448937,0.7672213381507595]
USA	[-3.835394557596117,-2.803302201635206,0.6373507103500327]
Japan	[-2.8833108348668506,3.375157332974918,1.4895447428299176]
USA	[1.8714032414259816,-0.01702481711644037,-2.260939432420066]
Mexico	[3.4423300283371736,-0.8592973245197263,0.20481358575346684]
USA	[-2.8985804229876813,3.3888178158687774,1.5012949827150215]
USA	[-3.833967987658301,-2.8014662141248547,0.6348582155358841]
USA	[-3.8397313415959142,-2.8088006453538594,0.6380585731867748]
USA	[1.9217264967975476,0.06999648093044845,-2.288516470080012]
USA	[3.949631003137361,-1.1016639840706244,1.708066137591582]
